,title,url
0,조지 웨아,https://namu.wiki/w/%EC%A1%B0%EC%A7%80%20%EC%9B%A8%EC%95%84
1,경지,https://namu.wiki/w/%EA%B2%BD%EC%A7%80
2,군산 버스 19,https://namu.wiki/w/%EA%B5%B0%EC%82%B0%20%EB%B2%84%EC%8A%A4%2019
3,House 2,https://namu.wiki/w/House%202
4,장갑기병 보톰즈 회색의 마녀,https://namu.wiki/w/%EC%9E%A5%EA%B0%91%EA%B8%B0%EB%B3%91%20%EB%B3%B4%ED%86%B0%EC%A6%88%20%ED%9A%8C%EC%83%89%EC%9D%98%20%EB%A7%88%EB%85%80
5,카드 앙 시엘/카드/드로,https://namu.wiki/w/%EC%B9%B4%EB%93%9C%20%EC%95%99%20%EC%8B%9C%EC%97%98/%EC%B9%B4%EB%93%9C/%EB%93%9C%EB%A1%9C
6,사용자:SamSara,https://namu.wiki/w/%EC%82%AC%EC%9A%A9%EC%9E%90:SamSara
7,알터(워크래프트 3),https://namu.wiki/w/%EC%95%8C%ED%84%B0(%EC%9B%8C%ED%81%AC%EB%9E%98%ED%94%84%ED%8A%B8%203)
8,빅 미키,https://namu.wiki/w/%EB%B9%85%20%EB%AF%B8%ED%82%A4
9,제임스 로니,https://namu.wiki/w/%EC%A0%9C%EC%9E%84%EC%8A%A4%20%EB%A1%9C%EB%8B%88
10,제25보병사단 DMZ 지뢰 폭발 사건,https://namu.wiki/w/%EC%A0%9C25%EB%B3%B4%EB%B3%91%EC%82%AC%EB%8B%A8%20DMZ%20%EC%A7%80%EB%A2%B0%20%ED%8F%AD%EB%B0%9C%20%EC%82%AC%EA%B1%B4
11,탱킹,https://namu.wiki/w/%ED%83%B1%ED%82%B9
12,와다,https://namu.wiki/w/%EC%99%80%EB%8B%A4
13,파일:NSL-Hip-Hop-2.jpg,https://namu.wiki/w/%ED%8C%8C%EC%9D%BC:NSL-Hip-Hop-2.jpg
14,파일:김대현(1995)_프로필사진.jpg,https://namu.wiki/w/%ED%8C%8C%EC%9D%BC:%EA%B9%80%EB%8C%80%ED%98%84(1995)_%ED%94%84%EB%A1%9C%ED%95%84%EC%82%AC%EC%A7%84.jpg
15,명탐정 코난: 시한장치의 마천루,https://namu.wiki/w/%EB%AA%85%ED%83%90%EC%A0%95%20%EC%BD%94%EB%82%9C:%20%EC%8B%9C%ED%95%9C%EC%9E%A5%EC%B9%98%EC%9D%98%20%EB%A7%88%EC%B2%9C%EB%A3%A8
16,알타(워크래프트 3),https://namu.wiki/w/%EC%95%8C%ED%83%80(%EC%9B%8C%ED%81%AC%EB%9E%98%ED%94%84%ED%8A%B8%203)
17,영천시/정치,https://namu.wiki/w/%EC%98%81%EC%B2%9C%EC%8B%9C/%EC%A0%95%EC%B9%98
18,극장판 이나즈마 일레븐 최강군단 오우거의 습격,https://namu.wiki/w/%EA%B7%B9%EC%9E%A5%ED%8C%90%20%EC%9D%B4%EB%82%98%EC%A6%88%EB%A7%88%20%EC%9D%BC%EB%A0%88%EB%B8%90%20%EC%B5%9C%EA%B0%95%EA%B5%B0%EB%8B%A8%20%EC%98%A4%EC%9A%B0%EA%B1%B0%EC%9D%98%20%EC%8A%B5%EA%B2%A9
19,파일:군산 버스 19번 우성여객 2023호.jpg,https://namu.wiki/w/%ED%8C%8C%EC%9D%BC:%EA%B5%B0%EC%82%B0%20%EB%B2%84%EC%8A%A4%2019%EB%B2%88%20%EC%9A%B0%EC%84%B1%EC%97%AC%EA%B0%9D%202023%ED%98%B8.jpg
20,1991년 이라크 봉기,https://namu.wiki/w/1991%EB%85%84%20%EC%9D%B4%EB%9D%BC%ED%81%AC%20%EB%B4%89%EA%B8%B0
21,2003 쇼트트랙 스피드 스케이팅 유럽선수권 대회,https://namu.wiki/w/2003%20%EC%87%BC%ED%8A%B8%ED%8A%B8%EB%9E%99%20%EC%8A%A4%ED%94%BC%EB%93%9C%20%EC%8A%A4%EC%BC%80%EC%9D%B4%ED%8C%85%20%EC%9C%A0%EB%9F%BD%EC%84%A0%EC%88%98%EA%B6%8C%20%EB%8C%80%ED%9A%8C
22,불꽃 파이터즈/역대 전적/2026 시즌/경기 목록,https://namu.wiki/w/%EB%B6%88%EA%BD%83%20%ED%8C%8C%EC%9D%B4%ED%84%B0%EC%A6%88/%EC%97%AD%EB%8C%80%20%EC%A0%84%EC%A0%81/2026%20%EC%8B%9C%EC%A6%8C/%EA%B2%BD%EA%B8%B0%20%EB%AA%A9%EB%A1%9D
23,흑색왜성,https://namu.wiki/w/%ED%9D%91%EC%83%89%EC%99%9C%EC%84%B1
24,파일:포스터 6888 중앙우편대대.jpg,https://namu.wiki/w/%ED%8C%8C%EC%9D%BC:%ED%8F%AC%EC%8A%A4%ED%84%B0%206888%20%EC%A4%91%EC%95%99%EC%9A%B0%ED%8E%B8%EB%8C%80%EB%8C%80.jpg
25,김환희/골 때리는 그녀들/클럽 경력,https://namu.wiki/w/%EA%B9%80%ED%99%98%ED%9D%AC/%EA%B3%A8%20%EB%95%8C%EB%A6%AC%EB%8A%94%20%EA%B7%B8%EB%85%80%EB%93%A4/%ED%81%B4%EB%9F%BD%20%EA%B2%BD%EB%A0%A5
26,파일:NS01.jpg,https://namu.wiki/w/%ED%8C%8C%EC%9D%BC:NS01.jpg
27,사용자:Hexy_Joe/빠른 이동 및 연습장,https://namu.wiki/w/%EC%82%AC%EC%9A%A9%EC%9E%90:Hexy_Joe/%EB%B9%A0%EB%A5%B8%20%EC%9D%B4%EB%8F%99%20%EB%B0%8F%20%EC%97%B0%EC%8A%B5%EC%9E%A5
28,난칸마치,https://namu.wiki/w/%EB%82%9C%EC%B9%B8%EB%A7%88%EC%B9%98
29,파일:난칸마치 로고.png,https://namu.wiki/w/%ED%8C%8C%EC%9D%BC:%EB%82%9C%EC%B9%B8%EB%A7%88%EC%B9%98%20%EB%A1%9C%EA%B3%A0.png
30,손무,https://namu.wiki/w/%EC%86%90%EB%AC%B4
31,FSO 폴로네즈,https://namu.wiki/w/FSO%20%ED%8F%B4%EB%A1%9C%EB%84%A4%EC%A6%88
32,2002 쇼트트랙 스피드 스케이팅 유럽선수권 대회,https://namu.wiki/w/2002%20%EC%87%BC%ED%8A%B8%ED%8A%B8%EB%9E%99%20%EC%8A%A4%ED%94%BC%EB%93%9C%20%EC%8A%A4%EC%BC%80%EC%9D%B4%ED%8C%85%20%EC%9C%A0%EB%9F%BD%EC%84%A0%EC%88%98%EA%B6%8C%20%EB%8C%80%ED%9A%8C
33,PC정비사,https://namu.wiki/w/PC%EC%A0%95%EB%B9%84%EC%82%AC
34,불꽃 파이터즈/역대 전적/2026 시즌/경기 목록,https://namu.wiki/w/%EB%B6%88%EA%BD%83%20%ED%8C%8C%EC%9D%B4%ED%84%B0%EC%A6%88/%EC%97%AD%EB%8C%80%20%EC%A0%84%EC%A0%81/2026%20%EC%8B%9C%EC%A6%8C/%EA%B2%BD%EA%B8%B0%20%EB%AA%A9%EB%A1%9D
35,분류:바트주의 이라크의 전쟁 및 전투,https://namu.wiki/w/%EB%B6%84%EB%A5%98:%EB%B0%94%ED%8A%B8%EC%A3%BC%EC%9D%98%20%EC%9D%B4%EB%9D%BC%ED%81%AC%EC%9D%98%20%EC%A0%84%EC%9F%81%20%EB%B0%8F%20%EC%A0%84%ED%88%AC
36,김환희/골 때리는 그녀들/클럽 경력/FC 액셔니스타,https://namu.wiki/w/%EA%B9%80%ED%99%98%ED%9D%AC/%EA%B3%A8%20%EB%95%8C%EB%A6%AC%EB%8A%94%20%EA%B7%B8%EB%85%80%EB%93%A4/%ED%81%B4%EB%9F%BD%20%EA%B2%BD%EB%A0%A5/FC%20%EC%95%A1%EC%85%94%EB%8B%88%EC%8A%A4%ED%83%80
37,안양 정관장 레드부스터스,https://namu.wiki/w/%EC%95%88%EC%96%91%20%EC%A0%95%EA%B4%80%EC%9E%A5%20%EB%A0%88%EB%93%9C%EB%B6%80%EC%8A%A4%ED%84%B0%EC%8A%A4
38,잔스파인/SD건담 지 제네레이션 이터널/UR,https://namu.wiki/w/%EC%9E%94%EC%8A%A4%ED%8C%8C%EC%9D%B8/SD%EA%B1%B4%EB%8B%B4%20%EC%A7%80%20%EC%A0%9C%EB%84%A4%EB%A0%88%EC%9D%B4%EC%85%98%20%EC%9D%B4%ED%84%B0%EB%84%90/UR
39,사용자:SamSara,https://namu.wiki/w/%EC%82%AC%EC%9A%A9%EC%9E%90:SamSara
40,부산 OK저축은행 읏맨,https://namu.wiki/w/%EB%B6%80%EC%82%B0%20OK%EC%A0%80%EC%B6%95%EC%9D%80%ED%96%89%20%EC%9D%8F%EB%A7%A8
41,파일:뱀프킹 도도.png,https://namu.wiki/w/%ED%8C%8C%EC%9D%BC:%EB%B1%80%ED%94%84%ED%82%B9%20%EB%8F%84%EB%8F%84.png
42,파일:난칸마치 로고.png,https://namu.wiki/w/%ED%8C%8C%EC%9D%BC:%EB%82%9C%EC%B9%B8%EB%A7%88%EC%B9%98%20%EB%A1%9C%EA%B3%A0.png
43,토오사카 린/작중 행적/본편,https://namu.wiki/w/%ED%86%A0%EC%98%A4%EC%82%AC%EC%B9%B4%20%EB%A6%B0/%EC%9E%91%EC%A4%91%20%ED%96%89%EC%A0%81/%EB%B3%B8%ED%8E%B8
44,김주성(야구선수)/선수 경력,https://namu.wiki/w/%EA%B9%80%EC%A3%BC%EC%84%B1(%EC%95%BC%EA%B5%AC%EC%84%A0%EC%88%98)/%EC%84%A0%EC%88%98%20%EA%B2%BD%EB%A0%A5
45,리그 오브 레전드/증강/프리즘,https://namu.wiki/w/%EB%A6%AC%EA%B7%B8%20%EC%98%A4%EB%B8%8C%20%EB%A0%88%EC%A0%84%EB%93%9C/%EC%A6%9D%EA%B0%95/%ED%94%84%EB%A6%AC%EC%A6%98
46,조지 웨아,https://namu.wiki/w/%EC%A1%B0%EC%A7%80%20%EC%9B%A8%EC%95%84
47,사용자:Wpdl,https://namu.wiki/w/%EC%82%AC%EC%9A%A9%EC%9E%90:Wpdl
48,아스파르,https://namu.wiki/w/%EC%95%84%EC%8A%A4%ED%8C%8C%EB%A5%B4
49,2025년/사건,https://namu.wiki/w/2025%EB%85%84/%EC%82%AC%EA%B1%B4
50,와다,https://namu.wiki/w/%EC%99%80%EB%8B%A4
51,김승혜,https://namu.wiki/w/%EA%B9%80%EC%8A%B9%ED%98%9C
52,쇼트트랙 스피드 스케이팅 유럽선수권 대회,https://namu.wiki/w/%EC%87%BC%ED%8A%B8%ED%8A%B8%EB%9E%99%20%EC%8A%A4%ED%94%BC%EB%93%9C%20%EC%8A%A4%EC%BC%80%EC%9D%B4%ED%8C%85%20%EC%9C%A0%EB%9F%BD%EC%84%A0%EC%88%98%EA%B6%8C%20%EB%8C%80%ED%9A%8C
53,카드 앙 시엘/카드/드로,https://namu.wiki/w/%EC%B9%B4%EB%93%9C%20%EC%95%99%20%EC%8B%9C%EC%97%98/%EC%B9%B4%EB%93%9C/%EB%93%9C%EB%A1%9C
54,조영우(2004),https://namu.wiki/w/%EC%A1%B0%EC%98%81%EC%9A%B0(2004)
55,남궁인,https://namu.wiki/w/%EB%82%A8%EA%B6%81%EC%9D%B8
56,SNH48 그룹,https://namu.wiki/w/SNH48%20%EA%B7%B8%EB%A3%B9
57,더리브,https://namu.wiki/w/%EB%8D%94%EB%A6%AC%EB%B8%8C
58,파일:뱀프킹 도도.png,https://namu.wiki/w/%ED%8C%8C%EC%9D%BC:%EB%B1%80%ED%94%84%ED%82%B9%20%EB%8F%84%EB%8F%84.png
59,제단(워크래프트 3),https://namu.wiki/w/%EC%A0%9C%EB%8B%A8(%EC%9B%8C%ED%81%AC%EB%9E%98%ED%94%84%ED%8A%B8%203)
60,레오 1세,https://namu.wiki/w/%EB%A0%88%EC%98%A4%201%EC%84%B8
61,더리브,https://namu.wiki/w/%EB%8D%94%EB%A6%AC%EB%B8%8C
62,황유민,https://namu.wiki/w/%ED%99%A9%EC%9C%A0%EB%AF%BC
63,틀:냉전/미국 보병장비,https://namu.wiki/w/%ED%8B%80:%EB%83%89%EC%A0%84/%EB%AF%B8%EA%B5%AD%20%EB%B3%B4%EB%B3%91%EC%9E%A5%EB%B9%84
64,틀:냉전/미국 보병장비,https://namu.wiki/w/%ED%8B%80:%EB%83%89%EC%A0%84/%EB%AF%B8%EA%B5%AD%20%EB%B3%B4%EB%B3%91%EC%9E%A5%EB%B9%84
65,라인맨,https://namu.wiki/w/%EB%9D%BC%EC%9D%B8%EB%A7%A8
66,제단(워크래프트 3),https://namu.wiki/w/%EC%A0%9C%EB%8B%A8(%EC%9B%8C%ED%81%AC%EB%9E%98%ED%94%84%ED%8A%B8%203)
67,쿠키런/보물/보물뽑기/S급/체력보정및 이동속도 제외 보물,https://namu.wiki/w/%EC%BF%A0%ED%82%A4%EB%9F%B0/%EB%B3%B4%EB%AC%BC/%EB%B3%B4%EB%AC%BC%EB%BD%91%EA%B8%B0/S%EA%B8%89/%EC%B2%B4%EB%A0%A5%EB%B3%B4%EC%A0%95%EB%B0%8F%20%EC%9D%B4%EB%8F%99%EC%86%8D%EB%8F%84%20%EC%A0%9C%EC%99%B8%20%EB%B3%B4%EB%AC%BC
68,함창중앙초등학교,https://namu.wiki/w/%ED%95%A8%EC%B0%BD%EC%A4%91%EC%95%99%EC%B4%88%EB%93%B1%ED%95%99%EA%B5%90
69,부산 OK저축은행 읏맨,https://namu.wiki/w/%EB%B6%80%EC%82%B0%20OK%EC%A0%80%EC%B6%95%EC%9D%80%ED%96%89%20%EC%9D%8F%EB%A7%A8
70,1 대 100/방영 목록/2016~2018년,https://namu.wiki/w/1%20%EB%8C%80%20100/%EB%B0%A9%EC%98%81%20%EB%AA%A9%EB%A1%9D/2016~2018%EB%85%84
71,포르자 호라이즌 6/평가,https://namu.wiki/w/%ED%8F%AC%EB%A5%B4%EC%9E%90%20%ED%98%B8%EB%9D%BC%EC%9D%B4%EC%A6%8C%206/%ED%8F%89%EA%B0%80
72,조지 웨아,https://namu.wiki/w/%EC%A1%B0%EC%A7%80%20%EC%9B%A8%EC%95%84
73,암살자(들)/등장인물,https://namu.wiki/w/%EC%95%94%EC%82%B4%EC%9E%90(%EB%93%A4)/%EB%93%B1%EC%9E%A5%EC%9D%B8%EB%AC%BC
74,틀:황민현,https://namu.wiki/w/%ED%8B%80:%ED%99%A9%EB%AF%BC%ED%98%84
75,식스 플래그 키디야 시티,https://namu.wiki/w/%EC%8B%9D%EC%8A%A4%20%ED%94%8C%EB%9E%98%EA%B7%B8%20%ED%82%A4%EB%94%94%EC%95%BC%20%EC%8B%9C%ED%8B%B0
76,후지카와 큐지,https://namu.wiki/w/%ED%9B%84%EC%A7%80%EC%B9%B4%EC%99%80%20%ED%81%90%EC%A7%80
77,북항친수공원 상어 출몰 사건,https://namu.wiki/w/%EB%B6%81%ED%95%AD%EC%B9%9C%EC%88%98%EA%B3%B5%EC%9B%90%20%EC%83%81%EC%96%B4%20%EC%B6%9C%EB%AA%B0%20%EC%82%AC%EA%B1%B4
78,때리멍,https://namu.wiki/w/%EB%95%8C%EB%A6%AC%EB%A9%8D
79,부캉이,https://namu.wiki/w/%EB%B6%80%EC%BA%89%EC%9D%B4
80,틀:역대 쇼트트랙 스피드 스케이팅 유럽선수권 대회 남자부 종합 순위,https://namu.wiki/w/%ED%8B%80:%EC%97%AD%EB%8C%80%20%EC%87%BC%ED%8A%B8%ED%8A%B8%EB%9E%99%20%EC%8A%A4%ED%94%BC%EB%93%9C%20%EC%8A%A4%EC%BC%80%EC%9D%B4%ED%8C%85%20%EC%9C%A0%EB%9F%BD%EC%84%A0%EC%88%98%EA%B6%8C%20%EB%8C%80%ED%9A%8C%20%EB%82%A8%EC%9E%90%EB%B6%80%20%EC%A2%85%ED%95%A9%20%EC%88%9C%EC%9C%84
81,김환희/골 때리는 그녀들/시즌 9,https://namu.wiki/w/%EA%B9%80%ED%99%98%ED%9D%AC/%EA%B3%A8%20%EB%95%8C%EB%A6%AC%EB%8A%94%20%EA%B7%B8%EB%85%80%EB%93%A4/%EC%8B%9C%EC%A6%8C%209
82,제단(워크래프트 3),https://namu.wiki/w/%EC%A0%9C%EB%8B%A8(%EC%9B%8C%ED%81%AC%EB%9E%98%ED%94%84%ED%8A%B8%203)
83,데지레 두에,https://namu.wiki/w/%EB%8D%B0%EC%A7%80%EB%A0%88%20%EB%91%90%EC%97%90
84,조희대/논란 및 사건 사고,https://namu.wiki/w/%EC%A1%B0%ED%9D%AC%EB%8C%80/%EB%85%BC%EB%9E%80%20%EB%B0%8F%20%EC%82%AC%EA%B1%B4%20%EC%82%AC%EA%B3%A0
85,통행방향/차마,https://namu.wiki/w/%ED%86%B5%ED%96%89%EB%B0%A9%ED%96%A5/%EC%B0%A8%EB%A7%88
86,불꽃 파이터즈/역대 전적/2026 시즌/경기 목록,https://namu.wiki/w/%EB%B6%88%EA%BD%83%20%ED%8C%8C%EC%9D%B4%ED%84%B0%EC%A6%88/%EC%97%AD%EB%8C%80%20%EC%A0%84%EC%A0%81/2026%20%EC%8B%9C%EC%A6%8C/%EA%B2%BD%EA%B8%B0%20%EB%AA%A9%EB%A1%9D
87,틀:해나(엔젤노이즈),https://namu.wiki/w/%ED%8B%80:%ED%95%B4%EB%82%98(%EC%97%94%EC%A0%A4%EB%85%B8%EC%9D%B4%EC%A6%88)
88,조희대/생애,https://namu.wiki/w/%EC%A1%B0%ED%9D%AC%EB%8C%80/%EC%83%9D%EC%95%A0
89,조지 웨아,https://namu.wiki/w/%EC%A1%B0%EC%A7%80%20%EC%9B%A8%EC%95%84
90,파일:pvzs39.png,https://namu.wiki/w/%ED%8C%8C%EC%9D%BC:pvzs39.png
91,파일:나고미마치 문장.svg,https://namu.wiki/w/%ED%8C%8C%EC%9D%BC:%EB%82%98%EA%B3%A0%EB%AF%B8%EB%A7%88%EC%B9%98%20%EB%AC%B8%EC%9E%A5.svg
92,뻘미스,https://namu.wiki/w/%EB%BB%98%EB%AF%B8%EC%8A%A4
93,"무너진 성자 미카엘라 레이드/던전/1, 2페이즈",https://namu.wiki/w/%EB%AC%B4%EB%84%88%EC%A7%84%20%EC%84%B1%EC%9E%90%20%EB%AF%B8%EC%B9%B4%EC%97%98%EB%9D%BC%20%EB%A0%88%EC%9D%B4%EB%93%9C/%EB%8D%98%EC%A0%84/1%2C%202%ED%8E%98%EC%9D%B4%EC%A6%88
94,풋볼매니저/선수 능력치,https://namu.wiki/w/%ED%92%8B%EB%B3%BC%EB%A7%A4%EB%8B%88%EC%A0%80/%EC%84%A0%EC%88%98%20%EB%8A%A5%EB%A0%A5%EC%B9%98
95,노태악 대법관 후임 인선 갈등 사태,https://namu.wiki/w/%EB%85%B8%ED%83%9C%EC%95%85%20%EB%8C%80%EB%B2%95%EA%B4%80%20%ED%9B%84%EC%9E%84%20%EC%9D%B8%EC%84%A0%20%EA%B0%88%EB%93%B1%20%EC%82%AC%ED%83%9C
96,틀:역대 쇼트트랙 스피드 스케이팅 유럽선수권 대회 여자부 우승자,https://namu.wiki/w/%ED%8B%80:%EC%97%AD%EB%8C%80%20%EC%87%BC%ED%8A%B8%ED%8A%B8%EB%9E%99%20%EC%8A%A4%ED%94%BC%EB%93%9C%20%EC%8A%A4%EC%BC%80%EC%9D%B4%ED%8C%85%20%EC%9C%A0%EB%9F%BD%EC%84%A0%EC%88%98%EA%B6%8C%20%EB%8C%80%ED%9A%8C%20%EC%97%AC%EC%9E%90%EB%B6%80%20%EC%9A%B0%EC%8A%B9%EC%9E%90
97,사용자:cookingdumo0o/연습장,https://namu.wiki/w/%EC%82%AC%EC%9A%A9%EC%9E%90:cookingdumo0o/%EC%97%B0%EC%8A%B5%EC%9E%A5
98,카메짐,https://namu.wiki/w/%EC%B9%B4%EB%A9%94%EC%A7%90
99,틀:역대 쇼트트랙 스피드 스케이팅 유럽선수권 대회 여자부 종합 순위,https://namu.wiki/w/%ED%8B%80:%EC%97%AD%EB%8C%80%20%EC%87%BC%ED%8A%B8%ED%8A%B8%EB%9E%99%20%EC%8A%A4%ED%94%BC%EB%93%9C%20%EC%8A%A4%EC%BC%80%EC%9D%B4%ED%8C%85%20%EC%9C%A0%EB%9F%BD%EC%84%A0%EC%88%98%EA%B6%8C%20%EB%8C%80%ED%9A%8C%20%EC%97%AC%EC%9E%90%EB%B6%80%20%EC%A2%85%ED%95%A9%20%EC%88%9C%EC%9C%84
